,height,nb_frames,time,video_id,width
0,720,3147,105.004367,7000106990,1280
1,720,5571,185.699333,7000082584,1280
2,720,13029,434.299333,7000099373,1280
3,720,8165,272.438367,7000110667,1280
4,720,2235,74.574367,7000107209,1280
5,720,14852,495.066333,7000102853,1280
6,720,6065,202.368367,7000110875,1280
7,720,2880,96.095367,7000108672,1280
8,720,3111,103.699333,7000103047,1280
9,720,9465,315.499333,7000089496,1280
10,720,14086,469.533333,7000062984,1280
11,720,13006,433.533333,7000063427,1280
12,720,13455,448.499333,7000061429,1280
13,720,4329,144.443367,7000105036,1280
14,720,16215,540.499333,7000061422,1280
15,720,13596,453.199333,7000064907,1280
16,720,3310,110.333333,7000064444,1280
17,720,14546,484.866333,7000091361,1280
18,720,19848,661.599333,7000072748,1280
19,720,13295,443.609367,7000104874,1280
20,720,13052,435.066333,7000062052,1280
21,720,9615,320.499333,7000075547,1280
22,720,7018,233.933333,7000097250,1280
23,720,22018,734.666367,7000112002,1280
24,720,12159,405.299333,7000062047,1280
25,720,14708,490.756367,7000106495,1280
26,720,16410,547.546367,7000104808,1280
27,720,9081,302.699333,7000065897,1280
28,720,14339,477.966333,7000096405,1280
29,720,14099,470.436367,7000109946,1280
30,720,4943,164.931367,7000108731,1280
31,720,17854,595.133333,7000061671,1280
32,720,14343,478.099333,7000081172,1280
33,720,15805,526.833333,7000099370,1280
34,720,7030,234.333333,7000079809,1280
35,720,6237,207.899333,7000097957,1280
36,504,11489,383.349367,7000112707,896
37,720,7082,236.066333,7000104056,1280
38,720,10051,335.033333,7000090592,1280
39,720,8390,279.666333,7000091880,1280
40,720,11572,385.733333,7000056127,1280
41,720,7408,246.933333,7000059003,1280
42,720,11067,368.899333,7000063422,1280
43,720,10904,363.466333,7000061404,1280
44,720,6129,204.299333,7000095253,1280
45,720,14020,467.333333,7000078433,1280
46,720,13958,465.266333,7000082707,1280
47,720,5056,168.533333,7000066825,1280
48,720,4088,136.402367,7000113105,1280
49,720,6989,232.966333,7000086736,1280
50,720,13003,433.433333,7000099781,1280
51,720,13686,456.199333,7000092857,1280
52,720,12638,421.266333,7000076609,1280
53,720,18616,621.153367,7000111688,1280
54,720,5992,199.932367,7000106525,1280
55,720,4090,136.333333,7000085390,1280
56,720,11088,369.599333,7000058975,1280
57,720,14636,487.866333,7000085742,1280
58,720,8653,288.433333,7000085366,1280
59,720,16220,541.206367,7000109404,1280
60,720,11608,386.933333,7000063852,1280
61,720,6993,233.099333,7000090604,1280
62,720,19120,637.970367,7000112901,1280
63,720,15057,501.899333,7000095924,1280
64,720,19653,655.099333,7000090965,1280
65,720,2149,71.633333,7000055570,1280
66,720,1965,65.499333,7000059247,1280
67,720,17219,573.966333,7000069851,1280
68,720,6847,228.461367,7000107207,1280
69,720,5609,186.966333,7000084569,1280
70,720,8968,298.933333,7000088654,1280
71,720,14760,491.999333,7000093505,1280
72,720,1803,60.099333,7000064260,1280
73,720,1147,38.233333,7000080197,1280
74,720,5871,195.699333,7000082210,1280
75,720,4476,149.348367,7000105954,1280
76,720,13043,434.766333,7000053419,1280
77,720,11887,396.233333,7000053797,1280
78,720,12849,428.299333,7000056416,1280
79,720,8855,295.166333,7000091490,1280
80,720,215633,7187.766333,7000066863,1280
81,720,14529,484.299333,7000083963,1280
82,720,4811,160.526367,7000105860,1280
83,720,8924,297.466333,7000069404,1280
84,720,13152,438.838367,7000107090,1280
85,720,19341,644.699333,7000100150,1280
86,720,18225,607.499333,7000103252,1280
87,720,3716,123.990367,7000106171,1280
88,720,3774,125.925367,7000108992,1280
89,720,13391,446.366333,7000102446,1280
90,720,11653,388.433333,7000088447,1280
91,720,8984,299.765367,7000111582,1280
92,720,7681,256.033333,7000080464,1280
93,720,8426,280.866333,7000080341,1280
94,720,5635,187.833333,7000066832,1280
95,720,21425,714.166333,7000093809,1280
96,720,10130,337.666333,7000084687,1280
97,720,11548,384.933333,7000072371,1280
98,720,14522,484.066333,7000074232,1280
99,720,1677,55.899333,7000055992,1280
100,720,12521,417.366333,7000076624,1280
101,720,5435,181.166333,7000086743,1280
102,720,16355,545.711367,7000108174,1280
103,720,13133,437.766333,7000091472,1280
104,720,5291,176.542367,7000112607,1280
105,720,13495,449.833333,7000073493,1280
106,720,11892,396.399333,7000068943,1280
107,720,14830,494.333333,7000059253,1280
108,720,18322,610.733333,7000080648,1280
109,720,18410,614.279367,7000112911,1280
110,720,1760,58.666333,7000062979,1280
111,720,18513,617.099333,7000055763,1280
112,720,6829,227.633333,7000073990,1280
113,720,12007,400.233333,7000064060,1280
114,720,12254,408.466333,7000101403,1280
115,720,20866,695.533333,7000103669,1280
116,720,4629,154.299333,7000080964,1280
117,720,13154,438.466333,7000103693,1280
118,720,23802,793.399333,7000103775,1280
119,720,14181,473.172367,7000110511,1280
120,720,9759,325.624367,7000109444,1280
121,720,7445,248.414367,7000109882,1280
122,720,11633,387.766333,7000073069,1280
123,720,18796,626.533333,7000075473,1280
124,720,4477,149.233333,7000068794,1280
125,720,11977,399.632367,7000111610,1280
126,720,16258,542.474367,7000106550,1280
127,720,5662,188.733333,7000068782,1280
128,720,14676,489.199333,7000062986,1280
129,720,8421,280.699333,7000081472,1280
130,720,11309,376.966333,7000072036,1280
131,720,9039,301.299333,7000100579,1280
132,720,12748,425.357367,7000105955,1280
133,720,13114,437.133333,7000100262,1280
134,720,13043,434.766333,7000082519,1280
135,720,3518,117.266333,7000085351,1280
136,720,6524,217.466333,7000079972,1280
137,720,8951,298.366333,7000082025,1280
138,720,18379,612.633333,7000081901,1280
139,720,8655,288.499333,7000064825,1280
140,720,9742,324.733333,7000103464,1280
141,720,11946,398.199333,7000071710,1280
142,720,7889,262.966333,7000083382,1280
143,720,10848,361.599333,7000089500,1280
144,720,7595,253.166333,7000061674,1280
145,720,11187,372.899333,7000077376,1280
146,720,11349,378.299333,7000064263,1280
147,720,6469,215.633333,7000068953,1280
148,720,14307,476.899333,7000093177,1280
149,720,12180,405.999333,7000103980,1280
150,720,22123,737.433333,7000085149,1280
151,720,31611,1053.699333,7000061667,1280
152,720,6681,222.699333,7000080018,1280
153,720,17714,590.466333,7000082602,1280
154,720,14258,475.266333,7000053417,1280
155,720,3529,117.750367,7000107097,1280
156,720,6647,221.566333,7000078068,1280
157,720,10318,343.933333,7000099367,1280
158,720,21850,728.333333,7000078858,1280
159,720,23304,776.799333,7000095825,1280
160,720,9743,324.766333,7000079936,1280
161,720,14494,483.133333,7000077456,1280
162,720,3851,128.366333,7000074730,1280
163,720,11297,376.566333,7000068733,1280
164,720,12815,427.166333,7000076511,1280
165,720,14191,473.033333,7000104037,1280
166,720,15394,513.133333,7000054892,1280
167,720,13563,452.099333,7000099159,1280
168,720,2573,85.852367,7000109253,1280
169,720,13264,442.133333,7000078000,1280
170,720,13351,445.033333,7000073933,1280
171,720,5757,191.899333,7000059637,1280
172,720,12204,406.799333,7000058967,1280
173,720,15414,513.799333,7000071094,1280
174,720,15525,517.499333,7000100072,1280
175,720,11194,373.133333,7000100858,1280
176,720,13509,450.299333,7000054993,1280
177,720,11866,395.533333,7000085347,1280
178,720,9475,315.833333,7000082379,1280
179,720,9289,309.633333,7000090537,1280
180,720,11499,383.299333,7000090798,1280
181,720,8941,298.033333,7000061910,1280
182,720,12898,429.933333,7000056600,1280
183,720,6693,223.099333,7000100213,1280
184,720,7593,253.099333,7000059777,1280
185,720,8294,276.466333,7000066833,1280
186,720,14470,482.333333,7000071913,1280
187,720,12946,431.964367,7000108768,1280
188,720,20772,692.399333,7000066507,1280
189,720,17215,574.406367,7000104961,1280
190,720,13231,441.033333,7000061943,1280
191,720,5405,180.166333,7000065072,1280
192,720,12513,417.099333,7000096031,1280
193,720,9047,301.566333,7000076406,1280
194,720,20175,672.499333,7000075778,1280
195,720,2496,83.282367,7000108058,1280
196,720,12129,404.299333,7000059046,1280
197,720,5003,166.933367,7000109250,1280
198,720,8664,288.799333,7000074126,1280
199,720,13804,460.133333,7000093060,1280
200,720,4119,137.436367,7000111803,1280
201,720,5417,180.566333,7000073488,1280
202,720,14946,498.199333,7000066839,1280
203,720,3520,117.333333,7000101525,1280
204,720,9072,302.399333,7000082032,1280
205,720,7272,242.399333,7000080858,1280
206,720,24897,830.729367,7000105173,1280
207,720,5936,197.866333,7000085743,1280
208,720,14240,475.140367,7000105170,1280
209,720,5855,195.166333,7000059748,1280
210,720,4345,144.833333,7000061409,1280
211,720,2132,71.066333,7000058658,1280
212,720,3315,110.610367,7000112685,1280
213,720,14498,483.266333,7000058662,1280
214,720,10764,358.799333,7000084481,1280
215,720,15827,528.093367,7000109492,1280
216,720,7512,250.399333,7000100736,1280
217,720,7404,247.046367,7000112185,1280
218,720,6689,222.966333,7000104120,1280
219,720,12867,428.899333,7000076982,1280
220,720,14592,486.399333,7000097257,1280
221,720,32270,1075.666333,7000089888,1280
222,720,7931,264.366333,7000088882,1280
223,720,25482,850.249367,7000113419,1280
224,720,3722,124.190367,7000110192,1280
225,720,20012,667.066333,7000082879,1280
226,720,3903,130.099333,7000055659,1280
227,720,9369,312.299333,7000103644,1280
228,720,12567,418.899333,7000071224,1280
229,720,6518,217.266333,7000076610,1280
230,720,9205,306.833333,7000085821,1280
231,720,14047,468.701367,7000111806,1280
232,720,6536,217.866333,7000065075,1280
233,720,5511,183.699333,7000061666,1280
234,720,12778,425.933333,7000076856,1280
235,720,8147,271.566333,7000097966,1280
236,720,12062,402.066333,7000100669,1280
237,720,9063,302.099333,7000100134,1280
238,720,9927,330.899333,7000065077,1280
239,720,8945,298.166333,7000075798,1280
240,720,14211,473.699333,7000076638,1280
241,720,10463,348.766333,7000081279,1280
242,720,13760,459.124367,7000104775,1280
243,720,4847,161.727367,7000106407,1280
244,720,13326,444.199333,7000097566,1280
245,720,21582,719.399333,7000054670,1280
246,720,1639,54.633333,7000062050,1280
247,720,4077,135.899333,7000091851,1280
248,720,12694,423.133333,7000078716,1280
249,720,14177,472.566333,7000088258,1280
250,720,14234,474.466333,7000059848,1280
251,720,4173,139.099333,7000100670,1280
252,720,9537,317.899333,7000084936,1280
253,720,7262,242.066333,7000084365,1280
254,720,16441,548.033333,7000092667,1280
255,720,6846,228.199333,7000077785,1280
256,720,4028,134.266333,7000086250,1280
257,720,82035,2737.234367,7000112949,1280
258,720,5836,194.727367,7000108237,1280
259,720,12711,423.699333,7000071219,1280
260,720,14125,471.303367,7000113005,1280
261,720,14007,467.366367,7000111403,1280
262,720,10030,334.333333,7000086976,1280
263,720,4065,135.499333,7000099517,1280
264,720,6474,215.799333,7000056709,1280
265,720,5384,179.466333,7000055658,1280
266,720,1863,62.099333,7000060388,1280
267,720,14573,495.933333,7000084289,1280
268,720,4367,145.711367,7000107733,1280
269,720,3851,128.494367,7000111887,1280
270,720,5462,182.066333,7000090964,1280
271,720,8256,275.199333,7000059846,1280
272,720,5181,172.872367,7000106423,1280
273,720,15025,501.333367,7000114415,1280
274,720,12882,429.399333,7000067559,1280
275,720,9236,307.866333,7000075741,1280
276,720,13196,440.306367,7000108547,1280
277,720,12492,416.399333,7000085557,1280
278,720,3997,133.366367,7000110230,1280
279,720,14961,498.699333,7000090662,1280
280,720,14663,489.255367,7000114609,1280
281,720,5491,183.033333,7000055655,1280
282,300,14147,472.038233,7000082103,534
283,720,14544,484.799333,7000100081,1280
284,720,3839,127.966333,7000066123,1280
285,720,1662,55.399333,7000054466,1280
286,720,4693,156.433333,7000085416,1280
287,720,1396,46.533333,7000080390,1280
288,720,14049,468.299333,7000063656,1280
289,720,6694,223.133333,7000076506,1280
290,720,13132,438.170367,7000111614,1280
291,720,9648,321.599333,7000082013,1280
292,720,11294,376.466333,7000062844,1280
293,720,3755,125.166333,7000080883,1280
294,720,14474,482.466333,7000097244,1280
295,720,22816,760.533333,7000100548,1280
296,720,13598,453.266333,7000076731,1280
297,720,50111,1672.036367,7000106992,1280
298,720,13281,442.699333,7000097876,1280
299,720,1171,39.033333,7000088645,1280
300,720,5764,192.133333,7000091491,1280
301,720,24588,819.599333,7000088438,1280
302,720,14092,469.733333,7000086714,1280
303,720,7014,233.799333,7000042754,1280
304,720,10781,359.725367,7000114412,1280
305,720,7426,247.780367,7000104811,1280
306,720,10135,337.833333,7000099651,1280
307,720,15420,513.999333,7000097780,1280
308,720,21760,726.058367,7000106506,1280
309,720,13918,463.933333,7000075859,1280
310,720,12646,421.533333,7000055999,1280
311,720,12576,419.199333,7000063098,1280
312,720,11333,377.766333,7000068698,1280
313,720,9537,318.217367,7000113137,1280
314,720,5519,183.966333,7000061643,1280
315,720,24253,808.433333,7000103451,1280
316,720,10378,345.933333,7000088849,1280
317,720,8295,276.499333,7000061519,1280
318,720,9907,330.233333,7000085581,1280
319,720,1758,58.599333,7000053411,1280
320,300,10560,352.352000,7000062519,534
321,720,2556,85.199333,7000084280,1280
322,720,8798,293.266333,7000081999,1280
323,720,15250,508.333333,7000103443,1280
324,720,8711,290.656367,7000112442,1280
325,720,13993,466.433333,7000080021,1280
326,720,11424,380.799333,7000069481,1280
327,720,5809,193.633333,7000085004,1280
328,720,8641,288.033333,7000066548,1280
329,720,6582,219.399333,7000059624,1280
330,720,14469,482.299333,7000076737,1280
331,720,16250,541.666333,7000065232,1280
332,720,17397,580.479367,7000105040,1280
333,720,8560,285.333333,7000090251,1280
334,720,29870,995.666333,7000065078,1280
335,720,10879,362.633333,7000061660,1280
336,720,7699,256.633333,7000055231,1280
337,720,10854,361.799333,7000094973,1280
338,720,14940,497.999333,7000065529,1280
339,720,10536,351.199333,7000064617,1280
340,720,2617,87.233333,7000102855,1280
341,720,1909,63.633333,7000064692,1280
342,720,15521,517.883367,7000104950,1280
343,720,18179,605.966333,7000064004,1280
344,720,11349,378.299333,7000061895,1280
345,720,8517,284.183367,7000108263,1280
346,720,5413,180.613367,7000111581,1280
347,720,6179,205.966333,7000078030,1280
348,720,20373,679.099333,7000077131,1280
349,720,16975,565.833333,7000091848,1280
350,720,4956,165.199333,7000070400,1280
351,720,16374,546.345367,7000109977,1280
352,720,1761,58.699333,7000056209,1280
353,720,11708,390.656367,7000109393,1280
354,720,8081,269.366333,7000101890,1280
355,720,10167,339.238367,7000111764,1280
356,720,1921,64.033333,7000058656,1280
357,720,10210,340.673367,7000113335,1280
358,720,6522,217.399333,7000074637,1280
359,720,7489,249.633333,7000100752,1280
360,720,12372,412.399333,7000091882,1280
361,720,13022,434.066333,7000074035,1280
362,720,15219,507.299333,7000081176,1280
363,720,1389,46.345367,7000110228,1280
364,720,17903,596.766333,7000063299,1280
365,720,13719,457.299333,7000096206,1280
366,720,11478,382.982367,7000111713,1280
367,720,12003,400.099333,7000056213,1280
368,720,1784,59.466333,7000062762,1280
369,720,2533,84.433333,7000056150,1280
370,720,15655,522.354367,7000109721,1280
371,720,16985,566.732367,7000105855,1280
372,720,15387,512.899333,7000091547,1280
373,720,6181,206.033333,7000075335,1280
374,720,11338,377.933333,7000069017,1280
375,720,8177,272.566333,7000061665,1280
376,720,13137,437.899333,7000085685,1280
377,720,14578,485.933333,7000084181,1280
378,720,5981,199.366333,7000093812,1280
379,720,10317,343.899333,7000069391,1280
380,720,1377,45.899333,7000056414,1280
381,720,3451,115.033333,7000061922,1280
382,720,4245,141.641367,7000110486,1280
383,720,16299,543.299333,7000080966,1280
384,720,25952,865.931367,7000105677,1280
385,720,13657,455.233333,7000080746,1280
386,720,3612,120.399333,7000100333,1280
387,720,19908,664.263367,7000112919,1280
388,720,18219,607.906367,7000109878,1280
389,720,2767,92.325367,7000108431,1280
390,720,11486,383.249367,7000108425,1280
391,720,13129,437.633333,7000083189,1280
392,720,6216,207.199333,7000084763,1280
393,720,12278,409.266333,7000088640,1280
394,720,13613,453.766333,7000094105,1280
395,720,8785,292.833333,7000079609,1280
396,720,14199,473.299333,7000071920,1280
397,720,6994,233.133333,7000064823,1280
398,300,7159,238.633333,7000076294,534
399,720,21059,701.966333,7000076219,1280
400,720,5468,182.266333,7000088259,1280
401,720,9342,311.399333,7000091242,1280
402,720,14339,477.966333,7000082705,1280
403,720,3879,129.299333,7000068767,1280
404,720,5630,187.666333,7000075632,1280
405,720,17513,583.766333,7000077235,1280
406,720,14125,471.303367,7000113251,1280
407,720,11738,391.266333,7000098430,1280
408,720,19480,649.333333,7000055322,1280
409,720,17566,586.118367,7000110507,1280
410,720,12791,426.366333,7000061414,1280
411,720,11613,387.486367,7000110390,1280
412,720,9882,329.399333,7000087336,1280
413,720,13355,445.611367,7000109884,1280
414,720,13350,444.999333,7000082297,1280
415,720,5631,187.887367,7000112414,1280
416,720,10259,341.966333,7000091967,1280
417,720,15569,518.966333,7000096225,1280
418,720,9571,319.352367,7000106425,1280
419,720,15784,526.133333,7000082302,1280
420,720,12731,424.790367,7000112008,1280
421,720,9090,302.999333,7000077793,1280
422,720,12720,423.999333,7000089813,1280
423,720,15228,507.599333,7000054120,1280
424,720,9848,328.266333,7000101203,1280
425,720,5640,187.999333,7000082458,1280
426,720,28770,958.999333,7000078359,1280
427,720,14718,490.599333,7000076226,1280
428,720,13877,462.566333,7000090740,1280
429,720,7226,240.866333,7000094807,1280
430,720,9503,316.766333,7000074423,1280
431,720,16029,534.299333,7000079608,1280
432,720,13041,434.699333,7000079109,1280
433,720,6164,205.466333,7000075411,1280
434,720,3416,113.866333,7000066813,1280
435,720,12823,427.860367,7000104870,1280
436,720,11128,370.933333,7000068700,1280
437,720,1896,63.199333,7000058136,1280
438,720,15919,531.163367,7000104868,1280
439,720,16354,545.133333,7000090343,1280
440,720,9587,319.885367,7000110611,1280
441,720,11033,377.366333,7000094744,1280
442,720,13595,453.166333,7000076977,1280
443,720,2233,74.507367,7000105467,1280
444,720,13444,448.133333,7000091760,1280
445,720,17416,580.533333,7000090250,1280
446,720,8416,280.533333,7000045051,1280
447,720,12826,427.960367,7000107434,1280
448,720,7498,249.933333,7000065278,1280
449,720,5150,171.666333,7000094012,1280
450,720,13806,460.199333,7000077455,1280
451,720,2377,79.312367,7000107312,1280
452,720,57941,1931.366333,7000074873,1280
453,720,39266,1308.866333,7000088249,1280
454,720,10614,353.799333,7000093621,1280
455,720,9911,330.696367,7000106048,1280
456,720,5567,185.566333,7000059845,1280
457,720,1507,50.233333,7000075226,1280
458,720,4017,133.899333,7000088867,1280
459,720,22466,749.615367,7000109591,1280
460,720,14704,490.623367,7000113403,1280
461,720,7265,242.166333,7000087549,1280
462,504,19258,642.574367,7000108287,896
463,720,14692,489.733333,7000083975,1280
464,720,5695,189.833333,7000074822,1280
465,720,12685,423.255367,7000110244,1280
466,720,17008,566.933333,7000100471,1280
467,720,6756,225.199333,7000099308,1280
468,720,9407,313.566333,7000056287,1280
469,720,24227,807.566333,7000061450,1280
470,720,10570,352.333333,7000103767,1280
471,720,7859,261.966333,7000064386,1280
472,720,15325,510.833333,7000070925,1280
473,720,2383,79.512367,7000106991,1280
474,720,7038,234.599333,7000089931,1280
475,720,8547,285.184367,7000105866,1280
476,720,8249,274.966333,7000089114,1280
477,720,8773,292.433333,7000064821,1280
478,720,6401,213.366333,7000080174,1280
479,720,20065,668.833333,7000095701,1280
480,720,11597,386.952367,7000106426,1280
481,720,16754,558.466333,7000091658,1280
482,720,8388,279.599333,7000089883,1280
483,720,15161,505.366333,7000089216,1280
484,300,7762,258.733333,7000073222,534
485,720,7906,263.533333,7000100014,1280
486,720,3862,128.733333,7000080385,1280
487,720,13671,455.699333,7000101727,1280
488,720,4466,149.015367,7000110666,1280
489,720,14355,478.978367,7000105346,1280
490,720,11230,374.333333,7000076622,1280
491,720,1967,65.566333,7000065316,1280
492,720,16540,551.884367,7000109983,1280
493,720,9048,301.599333,7000061403,1280
494,720,11084,369.466333,7000066088,1280
495,720,2797,93.233333,7000079935,1280
496,720,12489,416.299333,7000055098,1280
497,720,24977,832.566333,7000094952,1280
498,720,6467,215.781367,7000111756,1280
499,300,7627,254.233333,7000075740,534
500,720,11884,396.133333,7000056604,1280
501,300,2151,71.700000,7000084137,534
502,720,9222,307.399333,7000090950,1280
503,720,7561,252.033333,7000066067,1280
504,720,16357,545.778367,7000104783,1280
505,720,11892,396.399333,7000085151,1280
506,720,15932,531.066333,7000060094,1280
507,720,3773,125.766333,7000100082,1280
508,720,7088,236.502367,7000112157,1280
509,720,15354,512.311367,7000108286,1280
510,720,13506,450.199333,7000070910,1280
511,720,15261,508.699333,7000076321,1280
512,720,9804,326.799333,7000078859,1280
513,720,14062,469.201367,7000111802,1280
514,720,13435,448.280367,7000113451,1280
515,720,17277,575.899333,7000084765,1280
516,720,13228,440.933333,7000070403,1280
517,720,11676,389.199333,7000094951,1280
518,720,18198,606.599333,7000084122,1280
519,720,16346,544.866333,7000100558,1280
520,720,7723,257.433333,7000082261,1280
521,720,22008,733.599333,7000063093,1280
522,720,7362,245.399333,7000075535,1280
523,720,2907,96.899333,7000069214,1280
524,720,736,24.557367,7000107492,1280
525,720,5121,170.699333,7000066829,1280
526,720,10389,346.299333,7000102935,1280
527,720,8602,287.019367,7000105356,1280
528,720,13268,442.266333,7000074732,1280
529,720,17118,571.170367,7000113087,1280
530,720,36033,1201.099333,7000097961,1280
531,720,13867,462.233333,7000082104,1280
532,720,6262,208.733333,7000082963,1280
533,720,11364,378.799333,7000054123,1280
534,720,15886,530.062367,7000113101,1280
535,720,7121,237.366333,7000082618,1280
536,720,9007,300.533367,7000111882,1280
537,720,18908,630.266333,7000055451,1280
538,720,12530,417.666333,7000084567,1280
539,720,6167,205.566333,7000059355,1280
540,720,11754,391.799333,7000085068,1280
541,720,10449,348.647367,7000110131,1280
542,720,7949,265.231367,7000107250,1280
543,720,1307,43.566333,7000083849,1280
544,720,7006,233.533333,7000061663,1280
545,720,6194,206.466333,7000085626,1280
546,720,24641,821.366333,7000085559,1280
547,720,2722,90.733333,7000100862,1280
548,720,9971,332.698367,7000109337,1280
549,720,12121,404.033333,7000071510,1280
550,720,3714,123.799333,7000061413,1280
551,720,15326,510.866333,7000080019,1280
552,720,41036,1367.866333,7000100440,1280
553,720,5364,178.799333,7000074973,1280
554,720,15784,526.133333,7000077375,1280
555,720,16763,558.766333,7000095169,1280
556,720,10788,359.599333,7000055767,1280
557,720,8444,281.466333,7000091677,1280
558,720,10201,340.033333,7000066368,1280
559,720,23363,779.545367,7000105353,1280
560,720,12802,426.733333,7000055326,1280
561,720,9253,308.433333,7000064005,1280
562,720,12753,425.524367,7000110696,1280
563,720,10060,335.333333,7000085142,1280
564,720,8571,285.699333,7000090358,1280
565,720,29182,972.733333,7000056288,1280
566,720,17976,599.199333,7000103050,1280
567,720,7243,241.433333,7000072985,1280
568,720,10470,348.999333,7000076476,1280
569,720,5757,191.899333,7000101726,1280
570,720,5613,187.099333,7000066842,1280
571,720,17361,578.699333,7000101200,1280
572,720,16168,539.471367,7000109493,1280
573,720,15048,501.599333,7000084277,1280
574,720,13221,440.699333,7000083479,1280
575,720,5915,197.166333,7000100472,1280
576,720,23377,779.233333,7000062255,1280
577,720,1622,54.066333,7000054459,1280
578,720,7838,261.266333,7000080466,1280
579,720,5113,170.433333,7000065074,1280
580,720,15784,526.133333,7000064694,1280
581,720,8921,297.366333,7000073435,1280
582,720,6799,226.633333,7000079026,1280
583,720,16083,536.099333,7000065211,1280
584,720,9936,331.199333,7000085384,1280
585,720,11320,377.333333,7000068960,1280
586,720,3808,126.933333,7000090757,1280
587,720,2271,75.699333,7000103745,1280
588,720,13185,439.499333,7000060086,1280
589,720,8601,286.699333,7000092085,1280
590,720,16431,548.247367,7000107317,1280
591,720,10423,347.433333,7000092942,1280
592,720,14609,487.453367,7000110242,1280
593,720,6090,202.999333,7000055001,1280
594,720,11457,381.899333,7000060389,1280
595,720,3950,131.797367,7000107210,1280
596,720,10554,351.799333,7000069429,1280
597,720,15223,507.433333,7000064824,1280
598,720,10776,359.199333,7000088080,1280
599,720,6694,223.133333,7000073434,1280
600,720,14018,467.266333,7000075267,1280
601,720,19120,637.970367,7000112900,1280
602,720,14220,474.473367,7000104781,1280
603,720,10942,365.097367,7000109717,1280
604,720,9200,306.666333,7000082016,1280
605,720,8367,278.899333,7000084488,1280
606,720,2964,98.799333,7000053644,1280
607,720,11778,392.599333,7000091905,1280
608,720,6835,227.833333,7000092082,1280
609,720,14877,495.899333,7000090857,1280
610,720,7834,261.133333,7000081450,1280
611,720,7601,253.366333,7000067639,1280
612,720,8247,275.174367,7000107045,1280
613,720,7052,235.066333,7000100739,1280
614,720,14678,489.755367,7000111609,1280
615,720,1839,61.299333,7000053418,1280
616,720,16969,565.633333,7000073437,1280
617,720,15489,516.299333,7000058659,1280
618,720,7422,247.399333,7000098909,1280
619,720,9075,302.802367,7000104530,1280
620,720,22306,743.533333,7000099073,1280
621,720,7828,260.933333,7000062724,1280
622,720,11837,394.566333,7000081178,1280
623,720,22297,743.233333,7000080465,1280
624,720,9315,310.499333,7000059937,1280
625,720,13820,460.666333,7000093058,1280
626,720,6342,211.399333,7000066824,1280
627,720,16636,554.533333,7000085156,1280
628,720,6033,201.300367,7000107499,1280
629,720,16041,534.699333,7000068516,1280
630,720,7794,259.799333,7000066831,1280
631,720,8865,295.499333,7000078727,1280
632,720,7013,234.000367,7000108008,1280
633,720,11917,397.233333,7000100557,1280
634,720,14819,493.966333,7000076508,1280
635,720,8757,292.191367,7000107630,1280
636,720,6442,214.733333,7000065244,1280
637,720,6932,231.066333,7000100547,1280
638,720,2255,75.166333,7000054890,1280
639,720,10698,356.599333,7000097795,1280
640,720,13360,445.778367,7000108085,1280
641,720,12938,431.266333,7000065106,1280
642,720,29834,994.466333,7000071113,1280
643,720,16636,554.533333,7000085399,1280
644,720,13024,434.133333,7000092450,1280
645,720,6558,218.599333,7000077234,1280
646,720,13449,448.299333,7000068973,1280
647,720,7008,233.833367,7000106989,1280
648,720,27025,900.833333,7000055994,1280
649,720,5958,198.798367,7000109914,1280
650,720,14792,493.066333,7000089414,1280
651,300,11856,395.200000,7000073182,534
652,720,5114,170.636367,7000113250,1280
653,720,7724,257.466333,7000102579,1280
654,720,24030,800.999333,7000082524,1280
655,720,9403,313.433333,7000066828,1280
656,300,12707,423.990233,7000061727,534
657,720,12333,411.099333,7000075272,1280
658,720,11620,387.333333,7000082951,1280
659,720,14854,495.628367,7000112409,1280
660,720,17258,575.266333,7000082881,1280
661,720,13079,435.966333,7000076514,1280
662,720,7160,238.666333,7000082658,1280
663,720,10934,364.466333,7000086705,1280
664,720,6314,210.466333,7000060493,1280
665,720,13280,443.108367,7000105239,1280
666,720,15648,521.599333,7000090562,1280
667,720,5762,192.066333,7000086073,1280
668,720,13718,457.266333,7000090465,1280
669,720,17983,600.032367,7000107491,1280
670,720,4656,155.354367,7000111146,1280
671,720,13328,444.266333,7000061658,1280
672,720,11578,385.933333,7000074835,1280
673,720,15294,509.799333,7000059248,1280
674,720,3492,116.399333,7000054652,1280
675,720,19340,644.666333,7000081461,1280
676,720,13111,437.033333,7000073377,1280
677,720,5022,167.399333,7000082252,1280
678,720,14009,466.966333,7000075338,1280
679,720,9690,322.999333,7000087593,1280
680,720,9281,309.366333,7000068944,1280
681,720,16630,554.887367,7000104761,1280
682,720,10013,333.766333,7000069216,1280
683,720,23933,797.766333,7000070755,1280
684,720,6684,222.799333,7000053851,1280
685,504,2231,74.440367,7000109479,896
686,720,8638,288.220367,7000107500,1280
687,720,14502,483.399333,7000074617,1280
688,720,10722,357.757367,7000113159,1280
689,720,14196,473.199333,7000076974,1280
690,720,1622,54.066333,7000056602,1280
691,720,19596,653.199333,7000086248,1280
692,720,19192,640.372367,7000104946,1280
693,720,3044,101.466333,7000102445,1280
694,720,6455,215.166333,7000094644,1280
695,720,5966,198.866333,7000099106,1280
696,720,15908,530.266333,7000066823,1280
697,720,14018,467.266333,7000100149,1280
698,720,11394,379.799333,7000080347,1280
699,720,15944,531.466333,7000079106,1280
700,720,11929,397.633333,7000054897,1280
701,720,104323,3477.433333,7000069016,1280
702,720,13429,448.080367,7000114330,1280
703,720,4673,155.766333,7000101191,1280
704,720,1123,37.470367,7000109430,1280
705,720,11804,393.466333,7000088641,1280
706,720,11057,368.566333,7000097242,1280
707,720,10994,366.832367,7000112661,1280
708,720,14283,476.575367,7000112920,1280
709,720,17983,600.032367,7000110478,1280
710,720,13764,458.799333,7000071823,1280
711,720,11311,377.033333,7000059885,1280
712,720,15537,518.417367,7000111875,1280
713,720,5818,193.933333,7000091872,1280
714,720,11682,389.789367,7000108993,1280
715,720,10804,360.133333,7000073735,1280
716,720,5297,176.566333,7000103747,1280
717,720,10757,358.924367,7000107325,1280
718,720,8394,280.079367,7000105696,1280
719,720,12837,427.899333,7000084768,1280
720,720,16152,538.399333,7000055575,1280
721,720,7558,251.933333,7000084513,1280
722,720,9366,312.199333,7000085544,1280
723,720,11074,369.133333,7000069987,1280
724,720,14557,485.233333,7000102286,1280
725,720,6807,226.899333,7000078802,1280
726,720,4358,145.411367,7000113985,1280
727,720,8727,290.899333,7000078720,1280
728,720,8375,279.166333,7000084132,1280
729,720,2026,67.600367,7000104637,1280
730,720,15218,507.266333,7000086731,1280
731,720,6679,222.633333,7000076462,1280
732,720,1813,60.433333,7000053898,1280
733,720,9173,305.766333,7000070404,1280
734,720,12310,410.333333,7000083197,1280
735,720,6004,200.133333,7000083853,1280
736,720,9303,310.099333,7000060087,1280
737,720,7882,262.995367,7000105715,1280
738,720,13390,446.333333,7000062761,1280
739,720,19454,648.466333,7000094011,1280
740,720,8908,296.933333,7000069009,1280
741,720,15166,505.533333,7000093502,1280
742,720,5752,191.733333,7000085400,1280
743,720,14615,487.166333,7000068296,1280
744,720,4646,154.866333,7000068964,1280
745,720,9750,325.324367,7000114567,1280
746,720,28449,948.299333,7000100560,1280
747,720,14532,484.884367,7000112218,1280
748,720,9372,312.399333,7000097981,1280
749,720,5797,193.426367,7000106884,1280
750,720,18454,615.133333,7000072987,1280
751,720,13448,448.266333,7000074032,1280
752,720,6973,232.433333,7000085405,1280
753,720,24284,809.466333,7000080469,1280
754,720,21159,705.299333,7000076627,1280
755,720,16146,538.199333,7000099566,1280
756,720,11186,373.239367,7000106929,1280
757,720,21005,700.166333,7000076608,1280
758,720,7522,250.733333,7000072768,1280
759,720,13856,461.866333,7000078861,1280
760,720,6809,227.193367,7000107637,1280
761,720,8718,290.599333,7000091433,1280
762,720,6519,217.516367,7000111941,1280
763,720,7883,262.766333,7000087382,1280
764,720,17089,569.633333,7000079077,1280
765,720,7699,256.633333,7000089882,1280
766,720,4207,140.233333,7000063360,1280
767,720,14366,478.866333,7000081906,1280
768,720,7927,264.233333,7000067825,1280
769,720,14703,490.099333,7000058657,1280
770,720,13900,463.333333,7000074974,1280
771,720,14717,490.566333,7000064690,1280
772,720,7981,266.033333,7000068747,1280
773,720,16249,541.633333,7000061644,1280
774,720,7817,260.566333,7000068722,1280
775,720,4373,145.766333,7000103440,1280
776,720,5090,169.835367,7000105011,1280
777,720,15560,518.666333,7000084669,1280
778,720,18620,621.286367,7000108668,1280
779,720,16611,554.253367,7000113988,1280
780,720,8748,291.891367,7000113927,1280
781,720,5964,198.799333,7000077669,1280
782,720,5901,196.699333,7000097993,1280
783,720,9938,331.266333,7000103942,1280
784,720,12024,400.799333,7000079896,1280
785,720,4826,160.866333,7000102739,1280
786,720,4676,155.866333,7000103439,1280
787,720,4498,150.082367,7000110633,1280
788,720,12703,423.433333,7000102744,1280
789,720,5834,194.466333,7000080022,1280
790,720,13505,450.616367,7000108288,1280
791,720,14969,498.966333,7000085061,1280
792,720,1902,63.399333,7000059038,1280
793,720,11597,386.952367,7000107021,1280
794,720,11635,387.833333,7000090219,1280
795,720,16012,534.266367,7000108080,1280
796,720,3770,125.791367,7000109642,1280
797,720,12246,408.199333,7000073334,1280
798,720,12592,419.733333,7000081823,1280
799,720,16666,555.533333,7000076877,1280
800,720,14347,478.233333,7000074783,1280
801,720,17938,597.933333,7000077373,1280
802,720,11074,369.133333,7000076217,1280
803,720,2026,67.600367,7000104632,1280
804,720,11507,383.566333,7000099072,1280
805,720,1882,62.733333,7000056420,1280
806,720,13640,455.120367,7000112225,1280
807,720,1687,56.233333,7000055319,1280
808,720,12488,416.266333,7000097796,1280
809,720,8584,286.133333,7000088073,1280
810,720,5338,177.933333,7000070487,1280
811,720,13590,452.999333,7000095257,1280
812,720,12279,409.299333,7000078864,1280
813,720,5912,197.066333,7000088142,1280
814,720,12305,410.166333,7000081357,1280
815,720,13089,436.299333,7000093711,1280
816,720,7166,238.866333,7000061653,1280
817,720,14801,493.366333,7000059043,1280
818,720,8011,267.033333,7000089367,1280
819,720,17785,592.833333,7000077992,1280
820,720,14234,474.940367,7000111399,1280
821,720,13430,447.666333,7000061565,1280
822,720,14771,492.366333,7000081091,1280
823,720,28413,947.099333,7000083854,1280
824,720,15550,518.333333,7000065318,1280
825,720,15453,515.099333,7000055324,1280
826,720,16122,537.399333,7000063110,1280
827,720,15144,504.799333,7000072956,1280
828,720,16359,545.299333,7000059040,1280
829,720,7658,255.266333,7000079105,1280
830,720,5486,183.049367,7000113428,1280
831,720,17760,591.999333,7000100545,1280
832,720,7821,260.699333,7000061992,1280
833,720,2187,72.972367,7000104873,1280
834,720,12428,414.680367,7000113457,1280
835,720,5191,173.033333,7000101241,1280
836,720,18287,609.566333,7000063971,1280
837,720,12338,411.266333,7000101526,1280
838,720,16272,542.399333,7000077668,1280
839,720,9683,323.089367,7000106085,1280
840,720,16268,542.266333,7000074377,1280
841,720,14280,475.999333,7000053413,1280
842,720,10659,355.299333,7000068513,1280
843,720,14747,492.057367,7000105458,1280
844,720,4334,144.466333,7000083848,1280
845,720,15937,531.233333,7000074519,1280
846,720,18284,610.075367,7000107735,1280
847,720,12748,424.933333,7000076400,1280
848,720,19442,648.066333,7000073176,1280
849,720,9191,306.366333,7000062858,1280
850,720,11471,382.748367,7000109261,1280
851,720,12343,411.433333,7000062907,1280
852,720,17047,568.233333,7000056421,1280
853,720,13328,444.266333,7000101223,1280
854,720,14643,488.099333,7000077673,1280
855,720,13055,435.166333,7000083973,1280
856,720,13742,458.066333,7000098089,1280
857,720,14204,473.939367,7000110241,1280
858,720,5684,189.466333,7000097118,1280
859,720,9602,320.066333,7000076845,1280
860,720,19056,635.834367,7000109259,1280
861,720,31244,1041.466333,7000060110,1280
862,720,4486,149.682367,7000104762,1280
863,720,11381,379.366333,7000053681,1280
864,720,12058,402.334367,7000107518,1280
865,720,7822,260.733333,7000069285,1280
866,720,8413,280.433333,7000072005,1280
867,720,9560,318.666333,7000098188,1280
868,720,10863,362.099333,7000077370,1280
869,720,13707,457.356367,7000110487,1280
870,720,19869,662.299333,7000074731,1280
871,720,3119,104.070367,7000111595,1280
872,720,9259,308.941367,7000113429,1280
873,720,13609,453.633333,7000098522,1280
874,720,6025,200.833333,7000090856,1280
875,720,13624,454.133333,7000081821,1280
876,720,11339,377.966333,7000058137,1280
877,720,15176,505.866333,7000056212,1280
878,720,7908,263.599333,7000077766,1280
879,720,12925,430.833333,7000090657,1280
880,720,11965,398.833333,7000103840,1280
881,720,9793,326.433333,7000061913,1280
882,720,9264,308.799333,7000064216,1280
883,720,5404,180.133333,7000074823,1280
884,720,4895,163.166333,7000103065,1280
885,720,5069,169.135367,7000105057,1280
886,720,11121,371.070367,7000106745,1280
887,720,15540,517.999333,7000090460,1280
888,720,3117,103.899333,7000080171,1280
889,300,15713,524.290433,7000061720,534
890,720,15553,518.433333,7000077775,1280
891,720,11616,387.199333,7000078612,1280
892,720,3528,117.599333,7000097534,1280
893,720,14286,476.199333,7000091648,1280
894,720,13101,436.699333,7000099053,1280
895,720,15430,514.333333,7000062140,1280
896,720,17211,574.273367,7000111804,1280
897,720,15874,529.133333,7000074515,1280
898,720,7518,250.599333,7000103883,1280
899,720,7876,262.533333,7000096037,1280
900,720,13258,441.933333,7000065102,1280
901,720,2355,78.578367,7000106507,1280
902,720,17052,568.399333,7000077132,1280
903,720,13084,436.133333,7000060212,1280
904,720,8737,291.233333,7000083380,1280
905,720,5439,181.299333,7000066835,1280
906,720,10200,339.999333,7000081902,1280
907,720,5870,195.666333,7000068301,1280
908,720,14492,483.066333,7000071995,1280
909,720,3254,108.574367,7000109975,1280
910,720,15430,514.333333,7000080015,1280
911,720,13826,460.866333,7000099375,1280
912,720,14089,469.633333,7000055654,1280
913,720,3274,109.242367,7000108262,1280
914,720,10540,351.333333,7000061669,1280
915,720,14086,469.533333,7000054467,1280
916,720,17246,574.866333,7000079810,1280
917,720,8261,275.366333,7000076837,1280
918,720,14043,468.099333,7000094108,1280
919,720,2133,71.099333,7000100735,1280
920,720,16752,558.399333,7000088268,1280
921,720,36622,1220.733333,7000078328,1280
922,720,34990,1166.333333,7000103943,1280
923,720,2276,75.866333,7000070756,1280
924,720,15588,520.119367,7000112631,1280
925,720,11273,375.766333,7000054126,1280
926,720,13734,457.799333,7000076395,1280
927,720,15354,512.311367,7000109715,1280
928,720,23718,790.599333,7000092774,1280
929,720,12176,405.866333,7000079611,1280
930,720,1692,56.399333,7000069480,1280
931,720,14698,489.933333,7000097880,1280
932,720,10827,360.899333,7000091551,1280
933,720,16736,557.866333,7000095254,1280
934,720,8099,269.966333,7000079899,1280
935,720,16384,546.679367,7000109256,1280
936,720,15668,522.266333,7000073489,1280
937,720,1892,63.066333,7000061679,1280
938,720,13544,451.466333,7000103648,1280
939,720,22918,764.696367,7000112687,1280
940,720,2363,78.766333,7000059652,1280
941,720,14531,484.366333,7000079813,1280
942,720,5132,171.066333,7000082301,1280
943,720,40348,1346.277367,7000106073,1280
944,720,9993,333.432367,7000112635,1280
945,720,10236,341.199333,7000086280,1280
946,720,13266,442.641367,7000107023,1280
947,720,26077,869.233333,7000061923,1280
948,720,22235,741.166333,7000102856,1280
949,720,13862,462.528367,7000109906,1280
950,720,9492,316.399333,7000089526,1280
951,720,17264,575.466333,7000062860,1280
952,720,19114,637.133333,7000061947,1280
953,720,13739,457.966333,7000082883,1280
954,720,4460,148.814367,7000110477,1280
955,720,5716,190.533333,7000066840,1280
956,720,14231,474.366333,7000096867,1280
957,720,4124,137.466333,7000082514,1280
958,720,31198,1039.933333,7000075343,1280
959,720,15034,501.133333,7000081465,1280
960,720,12732,424.824367,7000104623,1280
961,720,15002,500.066333,7000090569,1280
962,720,18812,627.066333,7000091440,1280
963,720,20131,671.033333,7000100754,1280
964,720,16385,546.166333,7000091356,1280
965,720,6317,210.566333,7000070021,1280
966,720,2868,95.599333,7000094806,1280
967,720,8263,275.433333,7000096034,1280
968,720,6418,213.933333,7000080401,1280
969,720,12695,423.166333,7000091965,1280
970,720,10712,357.066333,7000066528,1280
971,720,10050,334.999333,7000075336,1280
972,720,9933,331.099333,7000077990,1280
973,720,7014,233.799333,7000085625,1280
974,720,3576,119.199333,7000072088,1280
975,720,7687,256.233333,7000056585,1280
976,720,13416,447.199333,7000075649,1280
977,720,3384,112.799333,7000066834,1280
978,720,3714,123.799333,7000084117,1280
979,720,17107,570.233333,7000064262,1280
980,720,13958,465.266333,7000095920,1280
981,720,12728,424.690367,7000113455,1280
982,720,1631,54.366333,7000055762,1280
983,720,10326,344.199333,7000082212,1280
984,720,17733,591.099333,7000086482,1280
985,720,14046,468.199333,7000053894,1280
986,720,5952,198.399333,7000090808,1280
987,720,6463,215.433333,7000100546,1280
988,720,10430,347.666333,7000093904,1280
989,720,15303,510.609367,7000110689,1280
990,720,11731,391.033333,7000083388,1280
991,720,16978,565.933333,7000069230,1280
992,720,5454,181.799333,7000091879,1280
993,720,13271,442.808367,7000106185,1280
994,720,9716,323.866333,7000077567,1280
995,720,3540,117.999333,7000066837,1280
996,720,3754,125.133333,7000059412,1280
997,720,14315,477.166333,7000093715,1280
998,720,7417,247.233333,7000082004,1280
999,720,14575,486.318367,7000106178,1280
1000,720,9656,321.866333,7000062893,1280
1001,720,12007,400.233333,7000084088,1280
1002,720,13135,438.270367,7000112004,1280
1003,720,11884,396.133333,7000071509,1280
1004,720,12959,432.398367,7000105256,1280
1005,720,5095,169.833333,7000076322,1280
1006,720,8408,280.266333,7000077783,1280
1007,720,7512,250.399333,7000083850,1280
1008,720,7947,264.899333,7000080927,1280
1009,720,6656,221.866333,7000085341,1280
1010,720,20848,694.933333,7000087556,1280
1011,720,12104,403.466333,7000085403,1280
1012,720,18660,621.999333,7000090360,1280
1013,720,15143,505.271367,7000104991,1280
1014,720,8903,296.766333,7000082625,1280
1015,720,11560,385.333333,7000054667,1280
1016,720,18627,620.899333,7000085263,1280
1017,720,9238,307.933333,7000082425,1280
1018,720,13471,449.482367,7000105899,1280
1019,720,7132,237.733333,7000054545,1280
1020,720,11713,390.433333,7000053794,1280
1021,720,7340,244.666333,7000082107,1280
1022,720,7102,236.733333,7000096907,1280
1023,720,12660,421.999333,7000068556,1280
1024,720,13127,437.566333,7000065322,1280
1025,720,10651,355.388367,7000105180,1280
1026,720,3331,111.144367,7000113418,1280
1027,720,8429,280.966333,7000087770,1280
1028,720,15228,507.599333,7000077556,1280
1029,720,7349,244.966333,7000078025,1280
1030,720,9491,316.682367,7000107378,1280
1031,720,4670,155.821367,7000105351,1280
1032,720,15697,523.233333,7000063847,1280
1033,720,18201,607.306367,7000108765,1280
1034,720,1904,63.466333,7000059776,1280
1035,720,18459,615.299333,7000061917,1280
1036,720,10176,339.199333,7000077401,1280
1037,720,32098,1069.933333,7000075742,1280
1038,720,4587,153.052367,7000106406,1280
1039,720,12208,406.933333,7000055764,1280
1040,720,22594,753.133333,7000090758,1280
1041,720,4993,166.433333,7000074378,1280
1042,720,10774,359.133333,7000061433,1280
1043,720,13388,446.266333,7000079316,1280
1044,720,14588,486.266333,7000101314,1280
1045,720,13665,455.955367,7000106422,1280
1046,720,6145,204.833333,7000065210,1280
1047,720,12640,421.333333,7000054465,1280
1048,720,14060,469.134367,7000108544,1280
1049,720,3966,132.199333,7000082209,1280
1050,720,20199,673.299333,7000085352,1280
1051,720,14408,480.266333,7000084361,1280
1052,720,12735,424.499333,7000065239,1280
1053,720,14935,497.833333,7000101240,1280
1054,720,44083,1469.433333,7000100351,1280
1055,720,8018,267.266333,7000078020,1280
1056,720,3408,113.713367,7000105454,1280
1057,720,12417,413.899333,7000082106,1280
1058,720,1332,44.444367,7000106994,1280
1059,720,23440,781.333333,7000085684,1280
1060,720,4869,162.299333,7000093206,1280
1061,720,7606,253.533333,7000064174,1280
1062,720,7731,257.699333,7000078546,1280
1063,720,5055,168.668367,7000112184,1280
1064,720,13806,460.659367,7000104948,1280
1065,720,4389,146.299333,7000092659,1280
1066,720,7937,264.566333,7000065018,1280
1067,720,15249,508.299333,7000090855,1280
1068,720,13374,445.799333,7000084174,1280
1069,720,1887,62.899333,7000093057,1280
1070,720,14656,488.533333,7000079605,1280
1071,720,10848,361.961367,7000113154,1280
1072,720,14413,480.433333,7000061662,1280
1073,720,31489,1049.633333,7000100260,1280
1074,720,4137,138.037367,7000112216,1280
1075,720,13239,441.299333,7000060394,1280
1076,720,8108,270.536367,7000109592,1280
1077,720,2591,86.366333,7000054127,1280
1078,720,14467,482.233333,7000054461,1280
1079,720,5378,179.445367,7000110489,1280
1080,720,12475,415.833333,7000103266,1280
1081,720,6246,208.199333,7000069853,1280
1082,720,9088,303.235367,7000113092,1280
1083,720,15465,515.499333,7000073225,1280
1084,720,1671,55.699333,7000064695,1280
1085,720,11546,384.866333,7000090976,1280
1086,720,9044,301.767367,7000112091,1280
1087,720,4542,151.399333,7000102738,1280
1088,720,3862,128.861367,7000108538,1280
1089,720,8254,275.408367,7000105385,1280
1090,720,9444,314.799333,7000070294,1280
1091,720,10512,350.750367,7000111114,1280
1092,720,3791,126.492367,7000105718,1280
1093,720,11056,368.901367,7000107387,1280
1094,720,4569,152.299333,7000082517,1280
1095,720,7773,259.099333,7000077417,1280
1096,720,1916,63.866333,7000065528,1280
1097,720,15873,529.099333,7000070934,1280
1098,720,8776,292.533333,7000061958,1280
1099,720,10831,361.033333,7000080468,1280
1100,720,2539,84.717367,7000111990,1280
1101,720,11344,378.133333,7000080333,1280
1102,720,14205,473.973367,7000105849,1280
1103,300,36677,1222.566667,7000075550,534
1104,720,19209,640.299333,7000073628,1280
1105,720,5243,174.941367,7000109945,1280
1106,720,26686,889.533333,7000074787,1280
1107,720,12526,417.950367,7000112223,1280
1108,720,4350,144.999333,7000084119,1280
1109,720,23483,782.766333,7000074425,1280
1110,720,10149,338.299333,7000102754,1280
1111,720,7539,251.299333,7000065416,1280
1112,720,8718,290.599333,7000088286,1280
1113,720,6014,200.666367,7000106598,1280
1114,720,7145,238.166333,7000082403,1280
1115,720,15395,513.166333,7000064696,1280
1116,720,13692,456.399333,7000088144,1280
1117,720,6958,231.933333,7000078547,1280
1118,720,14930,498.163367,7000110603,1280
1119,720,12445,414.833333,7000078609,1280
1120,720,5386,179.533333,7000076510,1280
1121,720,17090,569.666333,7000091442,1280
1122,720,15548,518.266333,7000092661,1280
1123,720,3503,116.766333,7000088437,1280
1124,720,13091,436.366333,7000092858,1280
1125,720,4872,162.399333,7000062906,1280
1126,720,11354,378.466333,7000092976,1280
1127,720,17067,568.899333,7000089291,1280
1128,720,8142,271.399333,7000072812,1280
1129,720,15199,507.139367,7000105165,1280
1130,720,13961,465.366333,7000062982,1280
1131,720,7928,264.266333,7000079057,1280
1132,720,4184,139.466333,7000090549,1280
1133,720,5153,171.766333,7000097307,1280
